{"data":
[{"name" : "rose1curv1","positionX": 17.629041317435334 ,"positinY": -30.588274963399172 ,"positinZ": 10.923030734552572 ,"rotationX": 0 ,"rotationY": -0.28455284553 ,"rotationZ": 0}
,{"name" : "rose1curv1", "positionX": 24.30459923079593 ,"positinY": -29.661142608636467 ,"positinZ": 5.348505730084208 ,"rotationX": 0 ,"rotationY": 0.52845528455 ,"rotationZ": 0}
,{"name" : "rose1curv1", "positionX": 25.02909651124348 ,"positinY": -31.20325031903083 ,"positinZ": -3.7057564632241795 ,"rotationX": 0 ,"rotationY": -5.08130081301 ,"rotationZ": -0.026422764227600003}
,{"name" : "rose1curv1", "positionX": 20.99224826767825 ,"positinY": -29.73464301467186 ,"positinZ": -7.839340664114204 ,"rotationX": 0 ,"rotationY": -4.0243902439 ,"rotationZ": 0.015040650406500001}
,{"name" : "rose1curv1", "positionX": 10.22764414810933 ,"positinY": -31.434460251120825 ,"positinZ": 5.318652374880713 ,"rotationX": 0.0109756097561 ,"rotationY": 5.81300813008 ,"rotationZ": 0.14837398373979999}
,{"name" : "rose1curv1", "positionX": -0.9987694569355128 ,"positinY": -27.556500501741823 ,"positinZ": -11.22562461990104 ,"rotationX": 0 ,"rotationY": 11.34146341463 ,"rotationZ": 0.0109756097561}
,{"name" : "rose1curv1", "positionX": -10.245156007305166 ,"positinY": -26.900497580518163 ,"positinZ": 0.2374459104325446 ,"rotationX": 0 ,"rotationY": 9.79674796748 ,"rotationZ": 0.0556910569106}
,{"name" : "rose1curv1", "positionX": 7.985142835490079 ,"positinY": -26.074369650864753 ,"positinZ": -14.839328562261414 ,"rotationX": 0 ,"rotationY": 9.55284552846 ,"rotationZ": 0.0378048780488}
,{"name" : "rose1curv1", "positionX": 11.56480060218708 ,"positinY": -24.8004719620958 ,"positinZ": -20.612246862487012 ,"rotationX": 0 ,"rotationY": 8.82113821138 ,"rotationZ": 0.0353658536585}
,{"name" : "rose1curv1", "positionX": 8.358534916470806 ,"positinY": -13.157723244995537 ,"positinZ": 2.2808034291322574 ,"rotationX": 0 ,"rotationY": -1.42276422764 ,"rotationZ": -0.0020325203252}
,{"name" : "rose1curv1", "positionX": 6.707986124762913 ,"positinY": -14.386594011440835 ,"positinZ": 0.627436346521443 ,"rotationX": 0 ,"rotationY": 6.05691056911 ,"rotationZ": -0.0052845528455}
,{"name" : "rose1curv1", "positionX": 8.050444306844717 ,"positinY": -15.547538615802011 ,"positinZ": 1.8973834275673482 ,"rotationX": 0 ,"rotationY": 0.52845528455 ,"rotationZ": -0.0288617886179}
,{"name" : "rose1curv1", "positionX": 21.618288926164063 ,"positinY": -15.050922237027635 ,"positinZ": -10.418262461215377 ,"rotationX": 0 ,"rotationY": 1.17886178862 ,"rotationZ": 0.09308943089430001}
,{"name" : "rose1curv1", "positionX": 14.489512027515246 ,"positinY": -11.83007508982783 ,"positinZ": -12.488162319907516 ,"rotationX": 0 ,"rotationY": 1.74796747967 ,"rotationZ": 0.0109756097561}
,{"name" : "rose1curv1", "positionX": -0.088744670315279 ,"positinY": -6.310921229154474 ,"positinZ": 8.459238211468346 ,"rotationX": 0 ,"rotationY": 3.53658536585 ,"rotationZ": 0.0434959349593}
,{"name" : "rose1curv1", "positionX": 13.647528935244985 ,"positinY": -7.264872855804299 ,"positinZ": -0.6252256669036136 ,"rotationX": 0 ,"rotationY": 2.80487804878 ,"rotationZ": -0.0410569105691}
,{"name" : "rose1curv1", "positionX": 10.406085376102965 ,"positinY": -1.4847798318889431 ,"positinZ": -11.242113673166386 ,"rotationX": 0 ,"rotationY": 1.34146341463 ,"rotationZ": 0.0012195121951}
,{"name" : "rose1curv1", "positionX": 17.352350955442333 ,"positinY": 1.3581761834649626 ,"positinZ": -15.164179127672647 ,"rotationX": 0 ,"rotationY": 0 ,"rotationZ": 0}
]}